id,name,gender,age,degree,stream,college_name,placement_status,salary,gpa,years_of_experience,Research Papers,Co-Ops,Technical Skills
1,John Doe,Male,25,Bachelor's,Computer Science,Harvard University,Placed,44000,3.78,2,3,2,2
2,Jane Smith,Female,24,Bachelor's,Electrical Engineering,Massachusetts Institute of Technology,Placed,40000,3.69,1,2,2,5
3,Michael Johnson,Male,26,Bachelor's,Mechanical Engineering,Stanford University,Placed,71000,3.88,3,3,2,3
4,Emily Davis,Female,23,Bachelor's,Information Technology,Yale University,Not Placed,0,3.58,2,2,1,4
5,David Brown,Male,24,Bachelor's,Computer Science,Princeton University,Placed,97000,3.98,2,1,3,3
6,Sarah Wilson,Female,25,Bachelor's,Electronics and Communication,Columbia University,Placed,68000,3.74,1,2,2,4
7,James Martinez,Male,26,Bachelor's,Information Technology,California Institute of Technology,Placed,71000,3.82,3,1,3,2
8,Emma Garcia,Female,24,Bachelor's,Computer Science,University of Chicago,Not Placed,0,3.69,2,3,,4
9,Alexander Taylor,Male,25,Bachelor's,Electrical Engineering,University of Pennsylvania,Placed,92000,3.79,2,3,1,1
10,Samantha Anderson,Female,23,Bachelor's,Mechanical Engineering,Northwestern University,Placed,63000,3.55,1,3,2,2
11,William Hernandez,Male,24,Bachelor's,Computer Science,Duke University,Placed,84000,3.95,2,2,1,2
12,Ava Lopez,Female,25,Bachelor's,Electronics and Communication,Johns Hopkins University,Not Placed,0,3.88,3,1,1,3
13,Daniel Martinez,Male,26,Bachelor's,Information Technology,University of California--Berkeley,Placed,73000,3.76,2,3,1,2
14,Mia Gonzalez,Female,24,Bachelor's,Computer Science,University of Michigan--Ann Arbor,Placed,92000,,1,1,1,2
15,Alexander Rodriguez,Male,23,Bachelor's,Electrical Engineering,University of California--Los Angeles,Placed,84000,3.88,3,3,3,5
16,Isabella Perez,Female,25,Bachelor's,Mechanical Engineering,University of Virginia,Not Placed,0,3.76,2,2,1,5
17,Ethan Turner,Male,26,Bachelor's,Computer Science,University of Wisconsin--Madison,Placed,81000,3.98,2,2,1,1
18,Olivia Moore,Female,24,Bachelor's,Electronics and Communication,University of Illinois--Urbana-Champaign,Placed,67000,3.86,1,1,2,4
19,Mason Parker,Male,23,Bachelor's,Information Technology,University of North Carolina--Chapel Hill,Placed,67000,3.71,2,2,1,1
20,Amelia Rivera,Female,25,Bachelor's,Computer Science,University of Washington,Placed,64000,3.65,1,1,3,1
21,Lucas Reed,Male,24,Bachelor's,Electrical Engineering,University of California--San Diego,Placed,61000,3.57,3,3,3,3
22,Elizabeth Wood,Female,26,Bachelor's,Mechanical Engineering,University of Texas--Austin,Not Placed,0,3.89,3,2,3,3
23,Aiden Ward,Male,23,Bachelor's,Computer Science,University of California--Santa Barbara,Placed,51000,3.76,2,2,3,4
24,Charlotte Ross,Female,25,Bachelor's,Electronics and Communication,University of Southern California,Placed,74000,3.61,1,2,1,2
25,Owen Brooks,Male,26,Bachelor's,Information Technology,University of Florida,Placed,93000,3.92,2,3,2,4
26,Grace Watson,Female,24,Bachelor's,Computer Science,University of Minnesota--Twin Cities,Not Placed,0,3.89,3,1,3,3
27,Jack Bailey,Male,23,Bachelor's,Electrical Engineering,University of Maryland--College Park,Placed,83000,3.72,2,3,1,3
28,Natalie Murphy,Female,25,Bachelor's,Mechanical Engineering,University of California--Davis,Placed,76000,3.58,1,3,2,2
29,Liam Russell,Male,24,Bachelor's,Computer Science,University of Pittsburgh,Placed,72000,3.75,2,,3,2
30,Chloe Peterson,Female,26,Bachelor's,Electronics and Communication,University of Colorado--Boulder,Placed,79000,3.69,1,1,2,1
31,Elijah Kelly,Male,23,Bachelor's,Information Technology,University of Rochester,Placed,65000,3.97,2,1,1,3
32,Anna Cooper,Female,25,Bachelor's,Computer Science,Boston College,Not Placed,0,3.87,3,3,1,1
33,Lucas Reed,Male,26,Bachelor's,Electrical Engineering,Rice University,Placed,51000,3.52,3,3,1,2
34,Sophia Price,Female,24,Bachelor's,Electronics and Communication,University of California--Irvine,Placed,55000,3.67,1,3,2,2
35,Mason Parker,Male,23,Bachelor's,Information Technology,Georgetown University,Placed,84000,3.77,2,2,3,5
36,Olivia Moore,Female,25,Bachelor's,Computer Science,University of Georgia,Not Placed,0,3.61,1,2,2,5
37,William Hernandez,Male,24,Bachelor's,Information Technology,University of Notre Dame,Placed,93000,3.75,2,3,3,2
38,Amelia Rivera,Female,26,Bachelor's,Computer Science,University of Iowa,Placed,68000,3.88,3,2,1,3
39,Ethan Turner,Male,23,Bachelor's,Electrical Engineering,University of California--Santa Cruz,Placed,47000,3.77,2,2,2,2
40,Isabella Perez,Female,25,Bachelor's,Mechanical Engineering,University of Connecticut,Placed,42000,3.57,1,1,1,5
41,Daniel Martinez,Male,24,Bachelor's,Computer Science,University of California--Riverside,Not Placed,0,3.92,2,1,1,3
42,Mia Gonzalez,Female,26,Bachelor's,Electronics and Communication,University of Delaware,Placed,58000,3.77,1,1,3,2
43,Alexander Rodriguez,Male,23,Bachelor's,Information Technology,University of California--San Francisco,Placed,84000,3.83,3,2,1,4
44,Olivia Moore,Female,25,Bachelor's,Computer Science,University of Texas--Dallas,Placed,35000,3.62,1,2,2,1
45,Jack Bailey,Male,26,Bachelor's,Electrical Engineering,University of Virginia,Placed,81000,3.93,2,2,2,3
46,Charlotte Ross,Female,24,Bachelor's,Mechanical Engineering,University of California--Santa Cruz,Not Placed,0,3.42,1,2,3,2
47,Owen Brooks,Male,23,Bachelor's,Computer Science,University of California--San Diego,Placed,37000,3.78,2,2,3,4
48,Grace Watson,Female,25,Bachelor's,Electronics and Communication,University of Texas--Austin,Placed,95000,3.88,3,2,2,5
49,Liam Russell,Male,26,Bachelor's,Information Technology,University of California--Los Angeles,Placed,100000,3.95,3,1,3,5
50,Chloe Peterson,Female,24,Bachelor's,Computer Science,University of Michigan--Ann Arbor,Placed,70000,3.98,3,2,1,3
51,Elijah Kelly,Male,23,Bachelor's,Electrical Engineering,University of Pennsylvania,Not Placed,0,3.75,2,2,3,3
52,Anna Cooper,Female,25,Bachelor's,Mechanical Engineering,University of Washington,Placed,74000,3.89,3,2,3,5
53,Lucas Reed,Male,26,Bachelor's,Computer Science,University of California--Berkeley,Placed,69000,3.97,3,3,2,1
54,Sophia Price,Female,24,Bachelor's,Electronics and Communication,University of Illinois--Urbana-Champaign,Placed,53000,3.84,3,3,3,2
55,Mason Parker,Male,23,Bachelor's,Information Technology,University of Colorado--Boulder,Placed,86000,3.74,2,3,3,1
56,Olivia Moore,Female,,Bachelor's,Computer Science,University of North Carolina--Chapel Hill,Not Placed,0,3.68,1,2,2,5
57,William Hernandez,Male,24,Bachelor's,Information Technology,University of Maryland--College Park,Placed,89000,3.72,2,1,3,4
58,Amelia Rivera,Female,26,Bachelor's,Computer Science,University of Rochester,Placed,42000,3.89,3,2,2,2
59,Ethan Turner,Male,23,Bachelor's,Electrical Engineering,University of California--Santa Cruz,Placed,75000,3.76,2,2,3,4
60,Isabella Perez,Female,25,Bachelor's,Mechanical Engineering,University of Connecticut,Placed,89000,3.53,1,2,1,
61,Daniel Martinez,Male,24,Bachelor's,Computer Science,University of California--Riverside,Not Placed,0,3.97,2,3,1,4
62,Mia Gonzalez,Female,26,Bachelor's,Electronics and Communication,University of Delaware,Placed,45000,3.72,1,2,1,3
63,Alexander Rodriguez,Male,23,Bachelor's,Information Technology,University of California--San Francisco,Placed,48000,3.87,3,2,2,4
64,Olivia Moore,Female,25,Bachelor's,Computer Science,University of Texas--Dallas,Placed,56000,3.68,1,1,2,4
65,Jack Bailey,Male,26,Bachelor's,Electrical Engineering,University of Virginia,Placed,81000,3.92,2,3,3,4
66,Charlotte Ross,Female,24,Bachelor's,Mechanical Engineering,University of California--Santa Cruz,Not Placed,0,3.48,1,1,3,1
67,Owen Brooks,Male,23,Bachelor's,Computer Science,University of California--San Diego,Placed,86000,3.72,2,1,2,5
68,Grace Watson,Female,25,Bachelor's,Electronics and Communication,University of Texas--Austin,Placed,49000,3.82,3,3,3,1
69,Liam Russell,Male,26,Bachelor's,Information Technology,University of California--Los Angeles,Placed,79000,3.97,3,3,2,1
70,Chloe Peterson,Female,24,Bachelor's,Computer Science,University of Michigan--Ann Arbor,Placed,58000,3.96,3,2,2,4
71,Elijah Kelly,Male,23,Bachelor's,Electrical Engineering,University of Pennsylvania,Not Placed,0,3.73,2,1,2,5
72,Anna Cooper,Female,25,Bachelor's,Mechanical Engineering,University of Washington,Placed,58000,3.86,3,2,3,2
73,Lucas Reed,Male,26,Bachelor's,Computer Science,University of California--Berkeley,Placed,84000,3.94,3,2,1,2
74,Sophia Price,Female,24,Bachelor's,Electronics and Communication,University of Illinois--Urbana-Champaign,Placed,77000,3.82,3,3,3,1
75,Mason Parker,Male,23,Bachelor's,Information Technology,University of Colorado--Boulder,Placed,37000,3.71,2,1,2,3
76,Olivia Moore,Female,25,Bachelor's,Computer Science,University of North Carolina--Chapel Hill,Not Placed,0,3.63,1,1,2,3
77,William Hernandez,Male,24,Bachelor's,Information Technology,University of Maryland--College Park,Placed,49000,3.74,2,1,2,2
78,Amelia Rivera,Female,26,Bachelor's,Computer Science,University of Rochester,Placed,36000,3.86,3,2,3,3
79,Ethan Turner,Male,23,Bachelor's,Electrical Engineering,University of California--Santa Cruz,Placed,80000,3.78,2,3,3,5
80,Isabella Perez,Female,25,Bachelor's,Mechanical Engineering,University of Connecticut,Placed,63000,3.56,1,1,1,2
81,Daniel Martinez,Male,24,Bachelor's,Computer Science,University of California--Riverside,Not Placed,0,3.94,2,3,3,1
82,Mia Gonzalez,Female,26,Bachelor's,Electronics and Communication,University of Delaware,Placed,51000,3.73,1,1,2,2
83,Alexander Rodriguez,Male,23,Bachelor's,Information Technology,University of California--San Francisco,Placed,49000,3.82,3,1,1,1
84,Olivia Moore,Female,25,Bachelor's,Computer Science,University of Texas--Dallas,Placed,97000,3.69,1,3,3,2
85,Jack Bailey,Male,26,Bachelor's,Electrical Engineering,University of Virginia,Placed,52000,3.97,2,3,1,3
86,Charlotte Ross,Female,24,Bachelor's,Mechanical Engineering,University of California--Santa Cruz,Not Placed,0,3.49,1,2,1,1
87,Owen Brooks,Male,23,Bachelor's,Computer Science,University of California--San Diego,Placed,42000,3.74,2,2,1,1
88,Grace Watson,Female,25,Bachelor's,Electronics and Communication,University of Texas--Austin,Placed,63000,3.86,3,2,3,3
89,Liam Russell,Male,26,Bachelor's,Information Technology,University of California--Los Angeles,Placed,52000,3.95,3,2,2,5
90,Chloe Peterson,Female,24,Bachelor's,Computer Science,University of Michigan--Ann Arbor,Placed,68000,3.92,3,2,3,4
91,Elijah Kelly,Male,23,Bachelor's,Electrical Engineering,University of Pennsylvania,Not Placed,0,3.77,2,1,3,1
92,Anna Cooper,Female,25,Bachelor's,Mechanical Engineering,University of Washington,Placed,57000,3.85,3,2,1,2
93,Lucas Reed,Male,26,Bachelor's,Computer Science,University of California--Berkeley,Placed,57000,3.93,3,3,3,5
94,Sophia Price,Female,24,Bachelor's,Electronics and Communication,University of Illinois--Urbana-Champaign,Placed,67000,3.84,3,3,1,4
95,Mason Parker,Male,,Bachelor's,Information Technology,University of Colorado--Boulder,Placed,71000,3.75,2,3,2,1
96,Olivia Moore,Female,25,Bachelor's,Computer Science,University of North Carolina--Chapel Hill,Not Placed,0,3.66,1,3,1,3
97,William Hernandez,Male,24,Bachelor's,Information Technology,University of Maryland--College Park,Placed,65000,3.74,2,1,3,5
98,Amelia Rivera,Female,26,Bachelor's,Computer Science,University of Rochester,Placed,98000,3.83,3,1,1,5
99,Ethan Turner,Male,23,Bachelor's,Electrical Engineering,University of California--Santa Cruz,Placed,58000,3.75,2,1,1,5
100,Isabella Perez,Female,25,Bachelor's,Mechanical Engineering,University of Connecticut,Placed,61000,3.56,1,1,1,3
101,Daniel Martinez,Male,24,Bachelor's,Computer Science,University of California--Riverside,Not Placed,0,3.95,2,2,2,5
102,Mia Gonzalez,Female,26,Bachelor's,Electronics and Communication,University of Delaware,Placed,60000,3.72,1,3,3,3
103,Alexander Rodriguez,Male,23,Bachelor's,Information Technology,University of California--San Francisco,Placed,76000,,3,2,1,2
104,Olivia Moore,Female,25,Bachelor's,Computer Science,University of Texas--Dallas,Placed,87000,3.66,,1,1,1
105,Jack Bailey,Male,26,Bachelor's,Electrical Engineering,University of Virginia,Placed,66000,3.97,2,2,2,2
106,Charlotte Ross,Female,24,Bachelor's,Mechanical Engineering,University of California--Santa Cruz,Not Placed,0,3.47,1,2,1,4
107,Owen Brooks,Male,23,Bachelor's,Computer Science,University of California--San Diego,Placed,91000,3.71,2,3,3,5
108,Grace Watson,Female,25,Bachelor's,Electronics and Communication,University of Texas--Austin,Placed,69000,3.83,3,3,3,4
109,Liam Russell,Male,26,Bachelor's,Information Technology,University of California--Los Angeles,Placed,76000,3.97,3,3,1,5
110,Chloe Peterson,Female,24,Bachelor's,Computer Science,University of Michigan--Ann Arbor,Placed,98000,3.99,3,3,2,3
111,Elijah Kelly,Male,23,Bachelor's,Electrical Engineering,University of Pennsylvania,Not Placed,0,3.76,2,1,1,5
112,Anna Cooper,Female,25,Bachelor's,Mechanical Engineering,University of Washington,Placed,52000,3.83,3,1,1,4
113,Lucas Reed,Male,26,Bachelor's,Computer Science,University of California--Berkeley,Placed,72000,3.96,3,2,1,5
114,Sophia Price,Female,24,Bachelor's,Electronics and Communication,University of Illinois--Urbana-Champaign,Placed,63000,3.83,3,1,2,4
115,Mason Parker,Male,23,Bachelor's,Information Technology,University of Colorado--Boulder,Placed,68000,3.72,2,3,3,5
116,Olivia Moore,Female,25,Bachelor's,Computer Science,University of North Carolina--Chapel Hill,Not Placed,0,3.66,1,3,2,5
117,William Hernandez,Male,24,Bachelor's,Information Technology,University of Maryland--College Park,Placed,93000,3.78,2,2,2,2
118,Amelia Rivera,Female,26,Bachelor's,Computer Science,University of Rochester,Placed,87000,3.83,3,3,3,1
119,Ethan Turner,Male,23,Bachelor's,Electrical Engineering,University of California--Santa Cruz,Placed,95000,3.76,2,2,1,4
120,Isabella Perez,Female,25,Bachelor's,Mechanical Engineering,University of Connecticut,Placed,88000,3.57,1,2,1,4
121,Daniel Martinez,Male,24,Bachelor's,Computer Science,University of California--Riverside,Not Placed,0,3.92,2,3,1,5
122,Mia Gonzalez,Female,26,Bachelor's,Electronics and Communication,University of Delaware,Placed,43000,3.77,1,3,1,3
123,Alexander Rodriguez,Male,23,Bachelor's,Information Technology,University of California--San Francisco,Placed,99000,3.84,3,2,3,2
124,Olivia Moore,Female,25,Bachelor's,Computer Science,University of Texas--Dallas,Placed,57000,3.65,1,1,1,3
125,Jack Bailey,Male,26,Bachelor's,Electrical Engineering,University of Virginia,Placed,97000,3.92,2,3,2,4
126,Charlotte Ross,Female,24,Bachelor's,Mechanical Engineering,University of California--Santa Cruz,Not Placed,0,3.49,1,1,3,3
127,Owen Brooks,Male,23,Bachelor's,Computer Science,University of California--San Diego,Placed,59000,3.78,2,3,2,4
128,Grace Watson,Female,25,Bachelor's,Electronics and Communication,University of Texas--Austin,Placed,68000,3.85,3,1,1,3
129,Liam Russell,Male,26,Bachelor's,Information Technology,University of California--Los Angeles,Placed,90000,3.92,3,3,2,3
130,Chloe Peterson,Female,24,Bachelor's,Computer Science,University of Michigan--Ann Arbor,Placed,74000,3.95,3,3,3,2
131,Elijah Kelly,Male,23,Bachelor's,Electrical Engineering,,Not Placed,0,3.77,2,3,3,1
132,Anna Cooper,Female,25,Bachelor's,Mechanical Engineering,University of Washington,Placed,89000,3.82,3,2,3,5
133,Lucas Reed,Male,26,Bachelor's,Computer Science,University of California--Berkeley,Placed,95000,3.97,3,3,2,3
134,Sophia Price,Female,24,Bachelor's,Electronics and Communication,University of Illinois--Urbana-Champaign,Placed,77000,3.83,3,1,1,5
135,Mason Parker,Male,23,Bachelor's,Information Technology,University of Colorado--Boulder,Placed,85000,3.72,2,1,1,3
136,Olivia Moore,Female,25,Bachelor's,Computer Science,University of North Carolina--Chapel Hill,Not Placed,0,3.64,1,2,3,1
137,William Hernandez,Male,24,Bachelor's,Information Technology,University of Maryland--College Park,Placed,69000,3.79,2,3,1,2
138,Amelia Rivera,Female,26,Bachelor's,Computer Science,University of Rochester,Placed,36000,3.81,3,2,3,1
139,Ethan Turner,Male,23,Bachelor's,Electrical Engineering,University of California--Santa Cruz,Placed,68000,3.75,2,2,3,3
140,Isabella Perez,Female,25,Bachelor's,Mechanical Engineering,University of Connecticut,Placed,75000,3.53,1,2,1,3
141,Daniel Martinez,Male,24,Bachelor's,Computer Science,University of California--Riverside,Not Placed,0,3.97,2,1,3,3
142,Mia Gonzalez,Female,26,Bachelor's,Electronics and Communication,University of Delaware,Placed,99000,3.79,1,3,2,1
143,Alexander Rodriguez,Male,23,Bachelor's,Information Technology,University of California--San Francisco,Placed,98000,3.89,3,3,1,1
144,Olivia Moore,Female,25,Bachelor's,Computer Science,University of Texas--Dallas,Placed,95000,3.67,1,3,3,3
145,Jack Bailey,Male,26,Bachelor's,Electrical Engineering,University of Virginia,Placed,98000,3.98,2,3,2,1
146,Charlotte Ross,Female,24,Bachelor's,Mechanical Engineering,University of California--Santa Cruz,Not Placed,0,3.46,1,3,3,2
147,Owen Brooks,Male,23,Bachelor's,Computer Science,University of California--San Diego,Placed,57000,3.76,2,2,3,2
148,Grace Watson,Female,25,Bachelor's,Electronics and Communication,University of Texas--Austin,Placed,65000,3.83,3,3,1,1
149,Liam Russell,Male,26,Bachelor's,Information Technology,University of California--Los Angeles,Placed,89000,3.97,3,2,2,
150,Chloe Peterson,Female,24,Bachelor's,Computer Science,University of Michigan--Ann Arbor,Placed,69000,3.92,3,2,1,2
151,Elijah Kelly,Male,23,Bachelor's,Electrical Engineering,University of Pennsylvania,Not Placed,0,3.77,2,2,3,3
152,Anna Cooper,Female,25,Bachelor's,Mechanical Engineering,University of Washington,Placed,52000,3.82,3,2,1,1
153,Lucas Reed,Male,26,Bachelor's,Computer Science,University of California--Berkeley,Placed,48000,3.96,3,2,3,4
154,Sophia Price,Female,24,Bachelor's,Electronics and Communication,University of Illinois--Urbana-Champaign,Placed,92000,3.83,3,3,2,1
155,Mason Parker,Male,23,Bachelor's,Information Technology,University of Colorado--Boulder,Placed,87000,3.74,2,3,3,2
156,Olivia Moore,Female,25,Bachelor's,Computer Science,University of North Carolina--Chapel Hill,Not Placed,0,3.67,1,1,2,4
157,William Hernandez,Male,24,Bachelor's,Information Technology,University of Maryland--College Park,Placed,62000,3.75,2,2,3,1
158,Amelia Rivera,Female,26,Bachelor's,Computer Science,University of Rochester,Placed,86000,3.88,3,1,2,2
159,Ethan Turner,Male,23,Bachelor's,Electrical Engineering,University of California--Santa Cruz,Placed,70000,3.73,2,2,2,1
160,Isabella Perez,Female,25,Bachelor's,Mechanical Engineering,University of Connecticut,Placed,57000,3.52,1,2,1,1
161,Daniel Martinez,Male,24,Bachelor's,Computer Science,University of California--Riverside,Not Placed,0,3.94,2,1,1,1
162,Mia Gonzalez,Female,26,Bachelor's,Electronics and Communication,University of Delaware,Placed,92000,3.77,1,1,2,3
163,Alexander Rodriguez,Male,23,Bachelor's,Information Technology,University of California--San Francisco,Placed,43000,3.89,3,2,2,1
164,Olivia Moore,Female,25,Bachelor's,Computer Science,University of Texas--Dallas,Placed,67000,3.61,1,1,2,5
165,Jack Bailey,Male,26,Bachelor's,Electrical Engineering,University of Virginia,Placed,49000,3.97,2,1,2,4
166,Charlotte Ross,Female,24,Bachelor's,Mechanical Engineering,University of California--Santa Cruz,Not Placed,0,3.45,1,3,1,1
167,Owen Brooks,Male,23,Bachelor's,Computer Science,University of California--San Diego,Placed,76000,3.77,2,3,2,3
168,Grace Watson,Female,25,Bachelor's,Electronics and Communication,University of Texas--Austin,Placed,63000,3.89,3,3,3,2
169,Liam Russell,Male,26,Bachelor's,Information Technology,University of California--Los Angeles,Placed,75000,3.98,3,3,2,1
170,Chloe Peterson,Female,24,Bachelor's,Computer Science,University of Michigan--Ann Arbor,Placed,37000,3.95,3,1,3,5
171,Elijah Kelly,Male,23,Bachelor's,Electrical Engineering,University of Pennsylvania,Not Placed,0,3.72,2,2,2,1
172,Anna Cooper,Female,25,Bachelor's,Mechanical Engineering,University of Washington,Placed,66000,3.86,3,2,2,3
173,Lucas Reed,Male,26,Bachelor's,Computer Science,University of California--Berkeley,Placed,46000,3.96,3,3,2,4
174,Sophia Price,Female,24,Bachelor's,Electronics and Communication,University of Illinois--Urbana-Champaign,Placed,40000,3.86,3,3,1,3
175,Mason Parker,Male,23,Bachelor's,Information Technology,University of Colorado--Boulder,Placed,40000,3.72,2,1,2,4
176,Olivia Moore,Female,25,Bachelor's,Computer Science,University of North Carolina--Chapel Hill,Not Placed,0,3.64,1,3,2,2
177,William Hernandez,Male,24,Bachelor's,Information Technology,University of Maryland--College Park,Placed,59000,3.74,2,1,2,3
178,Amelia Rivera,Female,26,Bachelor's,Computer Science,University of Rochester,Placed,74000,3.83,3,2,1,1
179,Ethan Turner,Male,23,Bachelor's,Electrical Engineering,University of California--Santa Cruz,Placed,93000,3.77,2,3,3,4
180,Isabella Perez,Female,25,Bachelor's,Mechanical Engineering,University of Connecticut,Placed,91000,3.55,1,1,2,3
181,Daniel Martinez,Male,24,Bachelor's,Computer Science,University of California--Riverside,Not Placed,0,3.96,2,1,2,1
182,Mia Gonzalez,Female,26,Bachelor's,Electronics and Communication,University of Delaware,Placed,93000,3.71,1,2,1,2
183,Alexander Rodriguez,Male,23,Bachelor's,Information Technology,University of California--San Francisco,Placed,45000,3.84,3,3,1,2
184,Olivia Moore,Female,25,Bachelor's,Computer Science,University of Texas--Dallas,Placed,68000,3.64,1,3,1,1
185,Jack Bailey,Male,26,Bachelor's,Electrical Engineering,University of Virginia,Placed,90000,3.99,2,3,2,5
186,Charlotte Ross,Female,24,Bachelor's,Mechanical Engineering,University of California--Santa Cruz,Not Placed,0,3.45,1,3,1,1
187,Owen Brooks,Male,23,Bachelor's,Computer Science,University of California--San Diego,Placed,77000,3.74,2,2,2,4
188,Grace Watson,Female,25,Bachelor's,Electronics and Communication,University of Texas--Austin,Placed,99000,3.82,3,3,1,1
189,Emma Brown,Female,23,Bachelor's,Information Technology,University of Maryland--College Park,Placed,72000,3.74,2,1,1,3
190,Noah Garcia,Male,24,Bachelor's,Computer Science,University of Michigan--Ann Arbor,Placed,76000,3.84,3,2,1,4
191,Sophia Martinez,Female,25,Bachelor's,Electrical Engineering,University of California--Los Angeles,Placed,90000,3.96,3,2,,5
192,Liam Rodriguez,Male,26,Bachelor's,Mechanical Engineering,University of Virginia,Placed,66000,3.96,3,2,2,5
193,Olivia Smith,Female,24,Bachelor's,Electronics and Communication,,Placed,64000,3.92,3,1,1,1
194,Ethan Johnson,Male,23,Bachelor's,Computer Science,University of Pennsylvania,Not Placed,0,3.73,2,3,3,2
195,Ava Williams,Female,25,Bachelor's,Information Technology,University of Washington,Placed,57000,3.89,3,3,2,5
196,Liam Brown,Male,26,Bachelor's,Electrical Engineering,University of California--Berkeley,Placed,63000,3.95,3,3,3,1
197,Amelia Smith,Female,24,Bachelor's,Mechanical Engineering,University of Illinois--Urbana-Champaign,Placed,71000,3.83,3,2,2,2
198,William Garcia,Male,23,Bachelor's,Electronics and Communication,University of Colorado--Boulder,Placed,83000,3.77,2,3,2,3
199,Olivia Brown,Female,25,Bachelor's,Computer Science,University of North Carolina--Chapel Hill,Not Placed,0,3.62,1,3,1,3
200,Elijah Garcia,Male,24,Bachelor's,Information Technology,University of Maryland--College Park,Placed,68000,3.73,2,1,2,2
201,Emma Brown,Female,23,Bachelor's,Computer Science,University of Michigan--Ann Arbor,Placed,66000,3.85,3,1,2,4
202,Noah Garcia,Male,24,Bachelor's,Electrical Engineering,University of California--Los Angeles,Placed,46000,3.95,3,2,2,2
203,Sophia Martinez,Female,25,Bachelor's,Mechanical Engineering,University of Virginia,Placed,63000,3.93,3,3,2,3
204,Liam Rodriguez,Male,26,Bachelor's,Electronics and Communication,University of Texas--Austin,Placed,98000,3.95,3,2,1,2
205,Olivia Smith,Female,24,Bachelor's,Computer Science,University of Pennsylvania,Not Placed,0,3.78,2,2,3,3
206,Ethan Johnson,Male,23,Bachelor's,Information Technology,University of Washington,Placed,58000,3.82,3,3,3,3
207,Ava Williams,Female,25,Bachelor's,Electrical Engineering,University of California--Berkeley,Placed,99000,3.95,3,1,2,5
208,Liam Brown,Male,,Bachelor's,Mechanical Engineering,University of Illinois--Urbana-Champaign,Placed,84000,3.82,3,3,2,1
209,Amelia Smith,Female,24,Bachelor's,Electronics and Communication,University of Colorado--Boulder,Placed,72000,3.75,2,2,3,3
210,William Garcia,Male,23,Bachelor's,Computer Science,University of North Carolina--Chapel Hill,Not Placed,0,3.69,1,2,2,2
211,Olivia Brown,Female,25,Bachelor's,Information Technology,University of Maryland--College Park,Placed,49000,3.78,2,1,2,3
212,Elijah Garcia,Male,24,Bachelor's,Electrical Engineering,University of Michigan--Ann Arbor,Placed,66000,3.86,3,2,2,3
213,Emma Brown,Female,23,Bachelor's,Mechanical Engineering,University of California--Los Angeles,Placed,98000,3.91,3,3,2,5
214,Noah Garcia,Male,24,Bachelor's,Electronics and Communication,University of Virginia,Placed,79000,3.94,,1,3,2
215,Sophia Martinez,Female,25,Bachelor's,Computer Science,University of Texas--Austin,Placed,72000,3.98,3,2,1,3
216,Liam Rodriguez,Male,26,Bachelor's,Information Technology,University of Pennsylvania,Not Placed,0,3.72,2,2,3,1
217,Olivia Smith,Female,24,Bachelor's,Electrical Engineering,University of Washington,Placed,80000,3.87,3,3,3,2
218,Ethan Johnson,Male,23,Bachelor's,Mechanical Engineering,University of California--Berkeley,Placed,92000,3.98,3,1,1,4
219,Ava Williams,Female,25,Bachelor's,Electronics and Communication,University of Illinois--Urbana-Champaign,Placed,47000,3.86,3,,3,3
220,Liam Brown,Male,26,Bachelor's,Computer Science,University of Colorado--Boulder,Placed,71000,3.75,2,3,2,4
221,Amelia Smith,Female,24,Bachelor's,Information Technology,University of North Carolina--Chapel Hill,Not Placed,0,3.68,1,2,2,4
222,William Garcia,Male,23,Bachelor's,Electrical Engineering,University of Maryland--College Park,Placed,83000,3.78,2,1,2,3
223,Olivia Brown,Female,25,Bachelor's,Mechanical Engineering,University of Michigan--Ann Arbor,Placed,51000,3.85,3,1,2,4
224,Elijah Garcia,Male,24,Bachelor's,Electronics and Communication,University of California--Los Angeles,Placed,39000,3.94,3,1,1,2
225,Emma Brown,Female,23,Bachelor's,Computer Science,University of Virginia,Placed,74000,3.93,3,2,2,2
226,Noah Garcia,Male,24,Bachelor's,Information Technology,University of Texas--Austin,Placed,35000,3.95,3,2,2,1
227,Sophia Martinez,Female,25,Bachelor's,Electrical Engineering,University of Pennsylvania,Not Placed,0,3.75,2,3,3,4
228,Liam Rodriguez,Male,26,Bachelor's,Mechanical Engineering,University of Washington,Placed,82000,3.86,3,2,1,2
229,Olivia Smith,Female,24,Bachelor's,Electronics and Communication,University of California--Berkeley,Placed,42000,3.97,3,1,1,2
230,Ethan Johnson,Male,23,Bachelor's,Computer Science,University of Illinois--Urbana-Champaign,Placed,65000,3.89,3,3,2,5
231,Ava Williams,Female,25,Bachelor's,Information Technology,University of Colorado--Boulder,Placed,65000,3.74,2,2,3,1
232,Liam Brown,Male,26,Bachelor's,Electrical Engineering,University of North Carolina--Chapel Hill,Not Placed,0,3.67,1,3,1,2
233,Amelia Smith,Female,24,Bachelor's,Mechanical Engineering,University of Maryland--College Park,Placed,45000,3.77,2,2,1,3
234,William Garcia,Male,23,Bachelor's,Electronics and Communication,University of Michigan--Ann Arbor,Placed,45000,3.81,3,1,3,3
235,Olivia Brown,Female,25,Bachelor's,Computer Science,University of California--Los Angeles,Placed,50000,3.98,3,1,3,1
236,Elijah Garcia,Male,24,Bachelor's,Information Technology,University of Virginia,Placed,48000,3.98,3,2,2,3
237,Emma Brown,Female,23,Bachelor's,Electrical Engineering,University of Texas--Austin,Placed,92000,3.91,3,1,2,2
238,Noah Garcia,Male,24,Bachelor's,Mechanical Engineering,University of Pennsylvania,Not Placed,0,3.71,2,3,3,3
239,Sophia Martinez,Female,25,Bachelor's,Electronics and Communication,University of Washington,Placed,73000,3.81,3,2,3,2
240,Liam Rodriguez,Male,26,Bachelor's,Computer Science,University of California--Berkeley,Placed,62000,3.95,3,3,1,1
241,Olivia Smith,Female,24,Bachelor's,Information Technology,University of Illinois--Urbana-Champaign,Placed,78000,3.83,3,3,1,4
242,Ethan Johnson,Male,23,Bachelor's,Electrical Engineering,University of Colorado--Boulder,Placed,82000,3.74,2,1,3,4
243,Ava Williams,Female,25,Bachelor's,Mechanical Engineering,University of North Carolina--Chapel Hill,Not Placed,0,3.65,1,2,3,3
244,Liam Brown,Male,26,Bachelor's,Electronics and Communication,University of Maryland--College Park,Placed,83000,3.78,2,3,2,4
245,Amelia Smith,Female,24,Bachelor's,Computer Science,University of Michigan--Ann Arbor,Placed,82000,3.81,3,3,1,2
246,William Garcia,Male,23,Bachelor's,Information Technology,University of California--Los Angeles,Placed,35000,3.97,3,1,1,2
247,Olivia Brown,Female,25,Bachelor's,Electrical Engineering,University of Virginia,Placed,62000,3.96,3,3,1,2
248,Elijah Garcia,Male,24,Bachelor's,Mechanical Engineering,University of Texas--Austin,Placed,64000,3.92,3,1,2,2
249,Emma Brown,Female,23,Bachelor's,Electronics and Communication,University of Pennsylvania,Not Placed,0,3.77,2,2,1,1
250,Noah Garcia,Male,24,Bachelor's,Computer Science,University of Washington,Placed,49000,3.88,3,3,2,5
251,Sophia Martinez,Female,25,Bachelor's,Information Technology,University of California--Berkeley,Placed,36000,3.97,3,1,2,4
252,Liam Rodriguez,Male,26,Bachelor's,Electrical Engineering,University of Illinois--Urbana-Champaign,Placed,92000,3.84,3,3,1,4
253,Olivia Smith,Female,24,Bachelor's,Mechanical Engineering,University of Colorado--Boulder,Placed,43000,3.75,2,1,1,1
254,Ethan Johnson,Male,23,Bachelor's,Electronics and Communication,University of North Carolina--Chapel Hill,Not Placed,0,3.69,1,3,1,4
255,Ava Williams,Female,25,Bachelor's,Computer Science,University of Maryland--College Park,Placed,83000,3.76,2,2,1,3
256,Liam Brown,Male,26,Bachelor's,Information Technology,University of Michigan--Ann Arbor,Placed,48000,3.87,3,3,1,3
257,Amelia Smith,Female,24,Bachelor's,Electrical Engineering,University of California--Los Angeles,Placed,82000,3.97,3,3,3,1
258,William Garcia,Male,23,Bachelor's,Mechanical Engineering,University of Virginia,Placed,96000,3.96,3,2,2,1
259,Olivia Brown,Female,25,Bachelor's,Electronics and Communication,University of Texas--Austin,Placed,35000,3.96,3,3,2,4
260,Elijah Garcia,Male,24,Bachelor's,Computer Science,University of Pennsylvania,Not Placed,0,3.77,2,1,3,4
261,Emma Brown,Female,23,Bachelor's,Information Technology,University of Washington,Placed,57000,3.84,3,1,3,3
262,Noah Garcia,Male,24,Bachelor's,Electrical Engineering,University of California--Berkeley,Placed,95000,3.92,3,2,2,5
263,Sophia Martinez,Female,25,Bachelor's,Mechanical Engineering,University of Illinois--Urbana-Champaign,Placed,59000,3.82,3,2,1,3
264,Liam Rodriguez,Male,26,Bachelor's,Electronics and Communication,University of Colorado--Boulder,Placed,69000,3.71,2,1,3,4
265,Olivia Smith,Female,24,Bachelor's,Computer Science,University of North Carolina--Chapel Hill,Not Placed,0,3.69,1,3,3,1
266,Ethan Johnson,Male,23,Bachelor's,Information Technology,University of Maryland--College Park,Placed,84000,3.72,2,2,1,2
267,Ava Williams,Female,25,Bachelor's,Electrical Engineering,University of Michigan--Ann Arbor,Placed,35000,3.86,3,1,3,4
268,Liam Brown,Male,26,Bachelor's,Mechanical Engineering,University of California--Los Angeles,Placed,53000,3.92,3,1,2,5
269,Amelia Smith,Female,24,Bachelor's,Electronics and Communication,University of Virginia,Placed,94000,3.92,3,1,3,1
270,William Garcia,Male,23,Bachelor's,Computer Science,University of Texas--Austin,Placed,73000,3.94,3,3,1,3
271,Olivia Brown,Female,25,Bachelor's,Information Technology,University of Pennsylvania,Not Placed,0,3.77,2,3,3,1
272,Elijah Garcia,Male,24,Bachelor's,Electrical Engineering,University of Washington,Placed,39000,3.86,3,1,2,3
273,Emma Brown,Female,23,Bachelor's,Mechanical Engineering,University of California--Berkeley,Placed,50000,3.92,3,2,2,5
274,Noah Garcia,Male,24,Bachelor's,Electronics and Communication,University of Illinois--Urbana-Champaign,Placed,74000,3.88,3,3,1,2
275,Sophia Martinez,Female,25,Bachelor's,Computer Science,University of Colorado--Boulder,Placed,72000,3.73,2,2,3,3
276,Liam Rodriguez,Male,24,Bachelor's,Computer Science,University of California--San Diego,Placed,48000,,2,2,1,2
277,Emily Watson,Female,25,Bachelor's,Electrical Engineering,University of Texas--Austin,Placed,42000,3.73,2,3,2,5
278,Nathan Garcia,Male,23,Bachelor's,Information Technology,University of California--Los Angeles,Placed,99000,3.85,3,2,1,5
279,Sophia Hernandez,Female,26,Bachelor's,Mechanical Engineering,University of Michigan--Ann Arbor,Placed,82000,3.96,3,3,1,1
280,Oliver Martinez,Male,24,Bachelor's,Computer Science,University of Pennsylvania,Not Placed,0,3.74,2,2,1,1
281,Amelia Lee,Female,25,Bachelor's,Electronics and Communication,University of Washington,Placed,35000,3.82,3,3,3,2
282,Ethan Johnson,Male,23,Bachelor's,Information Technology,University of California--Berkeley,Placed,77000,3.95,3,1,3,2
283,Isabella Smith,Female,26,Bachelor's,Mechanical Engineering,University of Illinois--Urbana-Champaign,Placed,87000,3.86,3,3,1,3
284,Aiden Brown,Male,24,Bachelor's,Computer Science,University of Colorado--Boulder,Placed,83000,3.75,2,3,1,4
285,Sophia Jones,Female,25,Bachelor's,Electrical Engineering,University of North Carolina--Chapel Hill,Not Placed,0,3.67,1,2,3,5
286,Lucas Taylor,Male,23,Bachelor's,Information Technology,University of Maryland--College Park,Placed,61000,3.72,2,2,1,2
287,Emma Martinez,Female,26,Bachelor's,Mechanical Engineering,University of Rochester,Placed,46000,3.81,3,1,3,2
288,Aiden Davis,Male,24,Bachelor's,Computer Science,University of California--Santa Cruz,Placed,89000,3.78,2,1,2,1
289,Mia Wilson,Female,23,Bachelor's,Electronics and Communication,University of Connecticut,Placed,49000,3.57,1,1,2,4
290,Jack Garcia,Male,26,Bachelor's,Information Technology,University of California--Riverside,Not Placed,0,3.96,2,3,2,1
291,Emma Lopez,Female,24,Bachelor's,Mechanical Engineering,University of Delaware,Placed,86000,3.76,1,1,2,2
292,Oliver Rodriguez,Male,23,Bachelor's,Computer Science,University of California--San Francisco,Placed,81000,3.83,3,3,1,1
293,Chloe Hernandez,Female,26,Bachelor's,Electrical Engineering,University of Texas--Dallas,Placed,37000,3.64,1,1,2,1
294,Ava Lee,Female,24,Bachelor's,Information Technology,University of Virginia,Placed,99000,3.95,2,1,1,3
295,Liam Perez,Male,25,Bachelor's,Computer Science,University of California--Los Angeles,Placed,38000,3.92,3,1,1,1
296,Isabella Martinez,Female,23,Bachelor's,Electronics and Communication,University of Michigan--Ann Arbor,Placed,46000,3.95,3,1,1,2
297,Alexander Lee,Male,26,Bachelor's,Information Technology,University of Pennsylvania,Not Placed,0,3.74,2,3,3,4
298,Sophia Johnson,Female,24,Bachelor's,Mechanical Engineering,University of Washington,Placed,90000,3.88,3,2,2,2
299,Lucas Taylor,Male,23,Bachelor's,Computer Science,University of California--Berkeley,Placed,73000,3.93,3,2,2,1
300,Emma Martinez,Female,26,Bachelor's,Electronics and Communication,University of Illinois--Urbana-Champaign,Placed,62000,3.84,3,1,2,3
301,Aiden Davis,Male,24,Bachelor's,Computer Science,University of Colorado--Boulder,Placed,79000,3.75,2,1,3,3
302,Mia Wilson,Female,23,Bachelor's,Electrical Engineering,University of North Carolina--Chapel Hill,Not Placed,0,3.68,1,3,2,3
303,Jack Garcia,Male,26,Bachelor's,Information Technology,University of Maryland--College Park,Placed,92000,3.77,2,1,3,2
304,Emma Lopez,Female,24,Bachelor's,Mechanical Engineering,University of Rochester,Placed,69000,3.88,3,2,2,4
305,Oliver Rodriguez,Male,23,Bachelor's,Computer Science,University of California--Santa Cruz,Placed,54000,3.72,2,1,1,3
306,Chloe Hernandez,Female,26,Bachelor's,Electrical Engineering,University of Connecticut,Placed,61000,3.55,1,3,1,3
307,Ava Lee,Female,24,Bachelor's,Information Technology,University of California--Riverside,Not Placed,0,3.92,2,3,1,2
308,Liam Perez,Male,25,Bachelor's,Computer Science,University of Delaware,Placed,76000,3.75,1,1,2,4
309,Isabella Martinez,Female,23,Bachelor's,Electronics and Communication,University of California--San Francisco,Placed,57000,3.87,3,2,3,1
310,Alexander Lee,Male,26,Bachelor's,Information Technology,University of Texas--Dallas,Placed,57000,3.63,1,3,2,1
311,Sophia Johnson,Female,24,Bachelor's,Mechanical Engineering,University of Virginia,Placed,35000,3.97,2,3,3,4
312,Lucas Taylor,Male,23,Bachelor's,Computer Science,University of California--Los Angeles,Placed,39000,3.97,3,1,3,1
313,Emma Martinez,Female,26,Bachelor's,Electronics and Communication,University of Michigan--Ann Arbor,Placed,72000,3.95,3,1,1,2
314,Aiden Davis,Male,24,Bachelor's,Computer Science,University of Pennsylvania,Not Placed,0,3.74,2,1,3,5
315,Mia Wilson,Female,23,Bachelor's,Electrical Engineering,University of Washington,Placed,50000,3.85,3,2,3,1
316,Jack Garcia,Male,26,Bachelor's,Information Technology,University of California--Berkeley,Placed,43000,3.98,3,3,1,5
317,Emma Lopez,Female,24,Bachelor's,Mechanical Engineering,University of Illinois--Urbana-Champaign,Placed,74000,3.84,3,2,3,2
318,Oliver Rodriguez,Male,23,Bachelor's,Computer Science,University of Colorado--Boulder,Placed,43000,3.71,2,2,1,4
319,Chloe Hernandez,Female,26,Bachelor's,Electrical Engineering,University of North Carolina--Chapel Hill,Not Placed,0,3.64,1,1,1,2
320,Ava Lee,Female,24,Bachelor's,Information Technology,University of Maryland--College Park,Placed,93000,3.78,2,3,2,3
321,Liam Perez,Male,25,Bachelor's,Computer Science,University of Rochester,Placed,76000,3.86,3,3,1,4
322,Isabella Martinez,Female,23,Bachelor's,Electronics and Communication,University of California--Santa Cruz,Placed,64000,3.73,2,3,2,3
323,Alexander Lee,Male,26,Bachelor's,Information Technology,University of Connecticut,Placed,63000,3.51,1,1,3,1
324,Sophia Johnson,Female,24,Bachelor's,Mechanical Engineering,University of California--Riverside,Not Placed,0,3.96,2,2,3,5
325,Lucas Taylor,Male,23,Bachelor's,Computer Science,University of Delaware,Placed,53000,3.78,1,3,2,3
326,Emma Martinez,Female,26,Bachelor's,Electronics and Communication,University of California--San Francisco,Placed,60000,3.89,3,3,2,1
327,Aiden Davis,Male,24,Bachelor's,Computer Science,University of Texas--Dallas,Placed,67000,3.62,1,3,1,2
328,Mia Wilson,Female,23,Bachelor's,Electrical Engineering,University of Virginia,Placed,93000,3.95,2,1,3,3
329,Jack Garcia,Male,26,Bachelor's,Information Technology,University of Michigan--Ann Arbor,Placed,53000,3.95,3,3,3,5
330,Emma Lopez,Female,24,Bachelor's,Mechanical Engineering,University of Pennsylvania,Not Placed,0,3.77,2,,1,3
331,Oliver Rodriguez,Male,23,Bachelor's,Computer Science,University of Washington,Placed,49000,3.87,3,2,2,3
332,Chloe Hernandez,Female,26,Bachelor's,Electrical Engineering,University of California--Los Angeles,Placed,52000,3.92,3,2,3,1
333,Ava Lee,Female,24,Bachelor's,Information Technology,University of California--Berkeley,Placed,55000,3.93,3,2,3,5
334,Liam Perez,Male,25,Bachelor's,Computer Science,University of Illinois--Urbana-Champaign,Placed,41000,3.86,3,3,2,2
335,Isabella Martinez,Female,23,Bachelor's,Electronics and Communication,University of Colorado--Boulder,Placed,82000,3.75,2,1,2,3
336,Alexander Lee,Male,26,Bachelor's,Information Technology,University of North Carolina--Chapel Hill,Not Placed,0,3.64,1,2,3,2
337,Sophia Johnson,Female,24,Bachelor's,Mechanical Engineering,University of Maryland--College Park,Placed,83000,3.78,2,2,3,2
338,Lucas Taylor,Male,23,Bachelor's,Computer Science,University of Rochester,Placed,100000,3.82,3,2,1,2
339,Emma Martinez,Female,26,Bachelor's,Electronics and Communication,University of California--Santa Cruz,Placed,69000,3.77,2,1,2,3
340,Aiden Davis,Male,24,Bachelor's,Computer Science,University of Connecticut,Placed,39000,3.55,1,2,2,4
341,Mia Wilson,Female,23,Bachelor's,Electrical Engineering,University of California--Riverside,Not Placed,0,3.99,2,2,3,2
342,Jack Garcia,Male,26,Bachelor's,Information Technology,University of Delaware,Placed,71000,3.74,1,3,2,5
343,Emma Lopez,Female,24,Bachelor's,Mechanical Engineering,University of California--San Francisco,Placed,70000,3.84,3,1,1,2
344,Oliver Rodriguez,Male,23,Bachelor's,Computer Science,University of Texas--Dallas,Placed,56000,3.64,1,1,2,2
345,Chloe Hernandez,Female,26,Bachelor's,Electrical Engineering,University of Virginia,Placed,74000,3.95,2,2,2,2
346,Ava Lee,Female,24,Bachelor's,Information Technology,University of Michigan--Ann Arbor,Placed,69000,3.94,3,2,2,4
347,Liam Perez,Male,25,Bachelor's,Computer Science,University of Pennsylvania,Not Placed,0,3.78,2,2,3,3
348,Isabella Martinez,Female,23,Bachelor's,Electronics and Communication,University of Washington,Placed,47000,3.89,3,1,2,2
349,Alexander Lee,Male,26,Bachelor's,Information Technology,University of California--Berkeley,Placed,38000,3.92,3,2,3,5
350,Sophia Johnson,Female,24,Bachelor's,Mechanical Engineering,University of Illinois--Urbana-Champaign,Placed,37000,3.83,3,2,3,2
351,Lucas Taylor,Male,23,Bachelor's,Computer Science,University of Colorado--Boulder,Placed,91000,3.77,2,2,3,3
352,Emma Martinez,Female,26,Bachelor's,Electronics and Communication,University of North Carolina--Chapel Hill,Not Placed,0,3.62,1,3,3,3
353,Aiden Davis,Male,24,Bachelor's,Computer Science,University of Maryland--College Park,Placed,73000,3.78,2,1,1,3
354,Mia Wilson,Female,23,Bachelor's,Electrical Engineering,University of Rochester,Placed,68000,3.88,3,1,3,2
355,Jack Garcia,Male,26,Bachelor's,Information Technology,University of California--Santa Cruz,Placed,68000,3.76,2,2,1,2
356,Emma Lopez,Female,24,Bachelor's,Mechanical Engineering,University of Connecticut,Placed,56000,3.53,1,2,1,5
357,Oliver Rodriguez,Male,23,Bachelor's,Computer Science,University of California--Riverside,Not Placed,0,3.99,2,3,1,2
358,Chloe Hernandez,Female,26,Bachelor's,Electrical Engineering,University of Delaware,Placed,54000,3.71,1,1,1,4
359,Ava Lee,Female,24,Bachelor's,Information Technology,University of California--San Francisco,Placed,74000,3.86,3,3,2,4
360,Liam Perez,Male,25,Bachelor's,Computer Science,University of Texas--Dallas,Placed,83000,3.61,1,3,1,2
361,Isabella Martinez,Female,23,Bachelor's,Electronics and Communication,University of Virginia,Placed,91000,3.95,2,3,1,2
362,Alexander Lee,Male,26,Bachelor's,Information Technology,University of Michigan--Ann Arbor,Placed,68000,3.97,3,2,3,1
363,Sophia Johnson,Female,24,Bachelor's,Mechanical Engineering,University of Pennsylvania,Not Placed,0,3.79,2,3,3,1
364,Lucas Taylor,Male,23,Bachelor's,Computer Science,University of Washington,Placed,76000,3.85,3,3,1,1
365,Emma Martinez,Female,26,Bachelor's,Electronics and Communication,University of California--Berkeley,Placed,57000,3.97,3,3,3,4
366,Aiden Davis,Male,24,Bachelor's,Computer Science,University of Illinois--Urbana-Champaign,Placed,73000,3.82,3,1,1,4
367,Mia Wilson,Female,23,Bachelor's,Electrical Engineering,University of Colorado--Boulder,Placed,95000,3.75,2,1,1,1
368,Jack Garcia,Male,26,Bachelor's,Information Technology,University of North Carolina--Chapel Hill,Not Placed,0,3.63,1,2,1,5
369,Emma Lopez,Female,24,Bachelor's,Mechanical Engineering,University of Maryland--College Park,Placed,94000,3.78,2,2,3,5
370,Oliver Rodriguez,Male,23,Bachelor's,Computer Science,University of Rochester,Placed,84000,3.84,3,2,2,3
371,Chloe Hernandez,Female,26,Bachelor's,Electrical Engineering,University of California--Santa Cruz,Placed,44000,3.72,2,1,1,1
372,Ava Lee,Female,24,Bachelor's,Information Technology,University of Connecticut,Placed,78000,3.56,1,3,2,5
373,Liam Perez,Male,25,Bachelor's,Computer Science,University of California--Riverside,Not Placed,0,3.94,2,3,2,5
374,Isabella Martinez,Female,23,Bachelor's,Electronics and Communication,University of Delaware,Placed,93000,3.73,1,2,3,3
375,Alexander Lee,Male,26,Bachelor's,Information Technology,University of California--San Francisco,Placed,67000,3.82,3,3,1,2
376,Sophia Johnson,Female,24,Bachelor's,Mechanical Engineering,University of Texas--Dallas,Placed,79000,3.66,1,1,3,2
377,Lucas Taylor,Male,23,Bachelor's,Computer Science,University of Michigan--Ann Arbor,Placed,41000,3.92,2,3,2,4
378,Emma Martinez,Female,26,Bachelor's,Electronics and Communication,University of Virginia,Placed,84000,3.99,3,2,1,1
379,Aiden Davis,Male,24,Bachelor's,Computer Science,University of California--Los Angeles,Placed,89000,3.85,3,1,3,4
380,Mia Wilson,Female,23,Bachelor's,Electrical Engineering,University of California--Berkeley,Placed,48000,3.77,2,3,2,2
381,Jack Garcia,Male,26,Bachelor's,Information Technology,University of Illinois--Urbana-Champaign,Placed,72000,3.82,3,3,1,4
382,Emma Lopez,Female,24,Bachelor's,Mechanical Engineering,University of Colorado--Boulder,Placed,37000,3.74,2,3,1,1
383,Oliver Rodriguez,Male,23,Bachelor's,Computer Science,University of North Carolina--Chapel Hill,Not Placed,0,3.68,1,1,1,1
384,Chloe Hernandez,Female,26,Bachelor's,Electrical Engineering,University of Maryland--College Park,Placed,56000,3.72,2,1,3,5
385,Ava Lee,Female,24,Bachelor's,Information Technology,University of Rochester,Placed,57000,3.88,3,2,1,1
386,Liam Perez,Male,25,Bachelor's,Computer Science,University of California--Santa Cruz,Placed,72000,3.79,2,3,3,1
387,Isabella Martinez,Female,23,Bachelor's,Electronics and Communication,University of Connecticut,Placed,60000,3.54,1,2,2,4
388,Alexander Lee,Male,26,Bachelor's,Information Technology,University of California--Riverside,Not Placed,0,3.95,2,3,2,1
389,Sophia Johnson,Female,24,Bachelor's,Mechanical Engineering,University of Delaware,Placed,79000,3.78,1,1,3,2
390,Lucas Taylor,Male,23,Bachelor's,Computer Science,University of California--San Francisco,Placed,97000,3.86,3,2,1,5
391,Emma Martinez,Female,26,Bachelor's,Electronics and Communication,University of Texas--Dallas,Placed,59000,3.63,1,2,2,3
392,Aiden Davis,Male,24,Bachelor's,Computer Science,University of Virginia,Placed,92000,3.98,2,3,2,2
393,Mia Wilson,Female,23,Bachelor's,Electrical Engineering,University of Michigan--Ann Arbor,Placed,35000,3.95,3,1,3,4
394,Jack Garcia,Male,26,Bachelor's,Information Technology,University of Pennsylvania,Not Placed,0,3.75,2,1,2,1
395,Emma Lopez,Female,24,Bachelor's,Mechanical Engineering,University of Washington,Placed,76000,3.86,3,3,3,1
396,Oliver Rodriguez,Male,23,Bachelor's,Computer Science,University of California--Berkeley,Placed,66000,3.96,3,2,2,1
397,Chloe Hernandez,Female,26,Bachelor's,Electrical Engineering,University of Illinois--Urbana-Champaign,Placed,82000,3.82,3,3,1,5
398,Ava Lee,Female,24,Bachelor's,Information Technology,University of Colorado--Boulder,Placed,35000,3.77,2,1,2,2
399,Liam Perez,Male,25,Bachelor's,Computer Science,University of North Carolina--Chapel Hill,Not Placed,0,3.67,1,3,1,4
400,Isabella Martinez,Female,23,Bachelor's,Electronics and Communication,University of Maryland--College Park,Placed,50000,3.78,2,1,3,5
401,Alexander Lee,Male,26,Bachelor's,Information Technology,University of Rochester,Placed,75000,3.81,3,2,1,5
402,Sophia Johnson,Female,24,Bachelor's,Mechanical Engineering,University of California--Santa Cruz,Placed,86000,3.72,2,1,2,4
403,Lucas Taylor,Male,23,Bachelor's,Computer Science,University of Connecticut,Placed,54000,3.51,1,2,1,4
404,Emma Martinez,Female,26,Bachelor's,Electrical Engineering,University of California--Riverside,Not Placed,0,3.94,2,3,2,5
405,Aiden Davis,Male,24,Bachelor's,Computer Science,University of Delaware,Placed,66000,3.79,1,2,2,4
406,Mia Wilson,Female,23,Bachelor's,Electronics and Communication,University of California--San Francisco,Placed,48000,3.86,3,2,2,5
407,Jack Garcia,Male,26,Bachelor's,Information Technology,University of Texas--Dallas,Placed,87000,3.61,1,1,3,5
408,Emma Lopez,Female,24,Bachelor's,Mechanical Engineering,University of Virginia,Placed,96000,3.99,2,2,2,1
409,Oliver Rodriguez,Male,23,Bachelor's,Computer Science,University of Michigan--Ann Arbor,Placed,81000,3.91,3,1,3,3
410,Chloe Hernandez,Female,26,Bachelor's,Electrical Engineering,University of Pennsylvania,Not Placed,0,3.72,2,2,2,1
411,Ava Lee,Female,24,Bachelor's,Information Technology,University of Washington,Placed,76000,3.84,3,1,3,3
412,Liam Perez,Male,25,Bachelor's,Computer Science,University of California--Berkeley,Placed,71000,3.94,3,2,2,4
413,Isabella Martinez,Female,23,Bachelor's,Electronics and Communication,University of Illinois--Urbana-Champaign,Placed,100000,3.86,3,2,1,5
414,Alexander Lee,Male,26,Bachelor's,Information Technology,University of Colorado--Boulder,Placed,68000,3.73,2,2,2,5
415,Sophia Johnson,Female,24,Bachelor's,Mechanical Engineering,University of North Carolina--Chapel Hill,Not Placed,0,3.64,1,1,2,2
416,Lucas Taylor,Male,23,Bachelor's,Computer Science,University of Maryland--College Park,Placed,68000,3.74,2,1,2,1
417,Emma Martinez,Female,26,Bachelor's,Electronics and Communication,University of Rochester,Placed,50000,3.88,3,2,3,2
418,Aiden Davis,Male,24,Bachelor's,Computer Science,University of California--Santa Cruz,Placed,50000,3.77,2,1,3,5
419,Mia Wilson,Female,23,Bachelor's,Electrical Engineering,University of Connecticut,Placed,67000,3.55,1,2,3,3
420,Jack Garcia,Male,26,Bachelor's,Information Technology,University of California--Riverside,Not Placed,0,3.92,2,2,3,2
421,Emma Lopez,Female,24,Bachelor's,Mechanical Engineering,University of Delaware,Placed,83000,3.77,1,1,3,2
422,Oliver Rodriguez,Male,23,Bachelor's,Computer Science,University of California--San Francisco,Placed,78000,3.84,3,3,2,2
423,Chloe Hernandez,Female,26,Bachelor's,Electrical Engineering,University of Texas--Dallas,Placed,82000,3.64,1,3,1,1
424,Ava Lee,Female,24,Bachelor's,Information Technology,University of Virginia,Placed,65000,3.96,2,3,3,5
425,Liam Perez,Male,25,Bachelor's,Computer Science,University of Michigan--Ann Arbor,Placed,70000,3.96,3,2,1,4
426,Isabella Martinez,Female,23,Bachelor's,Electronics and Communication,University of Pennsylvania,Not Placed,0,3.73,2,3,3,2
427,Alexander Lee,Male,26,Bachelor's,Information Technology,University of Washington,Placed,97000,3.86,3,3,3,4
428,Sophia Johnson,Female,24,Bachelor's,Mechanical Engineering,University of California--Berkeley,Placed,55000,3.91,3,1,1,4
429,Lucas Taylor,Male,23,Bachelor's,Computer Science,University of Illinois--Urbana-Champaign,Placed,85000,3.87,3,1,2,5
430,Emma Martinez,Female,26,Bachelor's,Electronics and Communication,University of Colorado--Boulder,Placed,87000,3.77,2,3,3,5
431,Aiden Davis,Male,24,Bachelor's,Computer Science,University of North Carolina--Chapel Hill,Not Placed,0,3.65,1,3,1,3
432,Mia Wilson,Female,23,Bachelor's,Electrical Engineering,University of Maryland--College Park,Placed,95000,3.75,2,1,2,4
433,Jack Garcia,Male,26,Bachelor's,Information Technology,University of Rochester,Placed,87000,3.86,3,2,3,4
434,Emma Lopez,Female,24,Bachelor's,Mechanical Engineering,University of California--Santa Cruz,Placed,69000,3.79,2,1,1,2
435,Oliver Rodriguez,Male,23,Bachelor's,Computer Science,University of Connecticut,Placed,60000,3.59,1,1,1,5
436,Chloe Hernandez,Female,26,Bachelor's,Electrical Engineering,University of California--Riverside,Not Placed,0,3.96,2,3,2,5
437,Ava Lee,Female,24,Bachelor's,Information Technology,University of Delaware,Placed,100000,3.78,1,3,1,2
438,Liam Perez,Male,25,Bachelor's,Computer Science,University of California--San Francisco,Placed,57000,3.83,3,3,3,5
439,Isabella Martinez,Female,23,Bachelor's,Electronics and Communication,University of Texas--Dallas,Placed,51000,3.63,1,1,2,5
440,Alexander Lee,Male,26,Bachelor's,Information Technology,University of Virginia,Placed,96000,3.92,2,3,3,1
441,Sophia Johnson,Female,24,Bachelor's,Mechanical Engineering,University of Michigan--Ann Arbor,Placed,72000,3.93,3,1,2,4
442,Lucas Taylor,Male,23,Bachelor's,Computer Science,University of Pennsylvania,Not Placed,0,3.74,2,3,2,1
443,Emma Martinez,Female,26,Bachelor's,Electronics and Communication,University of Washington,Placed,65000,,3,3,3,5
444,Aiden Davis,Male,24,Bachelor's,Computer Science,University of California--Berkeley,Placed,88000,3.97,3,1,1,3
445,Mia Wilson,Female,23,Bachelor's,Electrical Engineering,University of Illinois--Urbana-Champaign,Placed,62000,3.88,3,1,3,1
446,Jack Garcia,Male,26,Bachelor's,Information Technology,University of Colorado--Boulder,Placed,67000,3.76,2,3,2,3
447,Emma Lopez,Female,24,Bachelor's,Mechanical Engineering,University of North Carolina--Chapel Hill,Not Placed,0,3.65,1,1,1,3
448,Oliver Rodriguez,Male,23,Bachelor's,Computer Science,University of Maryland--College Park,Placed,52000,3.78,2,2,1,3
449,Chloe Hernandez,Female,26,Bachelor's,Electrical Engineering,University of Rochester,Placed,81000,3.83,3,3,3,2
450,Ava Lee,Female,24,Bachelor's,Information Technology,University of California--Santa Cruz,Placed,42000,3.76,2,3,3,3
451,Liam Perez,Male,25,Bachelor's,Computer Science,University of Connecticut,Placed,58000,3.53,1,1,1,1
452,Isabella Martinez,Female,23,Bachelor's,Electronics and Communication,University of California--Riverside,Not Placed,0,3.91,2,2,2,1
453,Alexander Lee,Male,26,Bachelor's,Information Technology,University of Delaware,Placed,43000,3.77,1,1,3,2
454,Sophia Johnson,Female,24,Bachelor's,Mechanical Engineering,University of California--San Francisco,Placed,48000,3.86,3,1,3,2
455,Lucas Taylor,Male,23,Bachelor's,Computer Science,University of Texas--Dallas,Placed,47000,3.68,1,3,3,5
456,Emma Martinez,Female,26,Bachelor's,Electronics and Communication,University of Virginia,Placed,52000,3.96,2,1,2,3
457,Aiden Davis,Male,24,Bachelor's,Computer Science,University of Michigan--Ann Arbor,Placed,80000,3.97,3,2,3,1
458,Mia Wilson,Female,23,Bachelor's,Electrical Engineering,University of Pennsylvania,Not Placed,0,3.77,2,2,1,3
459,Jack Garcia,Male,26,Bachelor's,Information Technology,University of Washington,Placed,51000,3.85,3,1,3,3
460,Emma Lopez,Female,24,Bachelor's,Mechanical Engineering,University of California--Berkeley,Placed,49000,3.96,3,2,1,2
461,Oliver Rodriguez,Male,23,Bachelor's,Computer Science,University of Illinois--Urbana-Champaign,Placed,48000,3.89,3,2,2,5
462,Chloe Hernandez,Female,26,Bachelor's,Electrical Engineering,University of Colorado--Boulder,Placed,59000,3.78,2,2,2,3
463,Ava Lee,Female,24,Bachelor's,Information Technology,University of North Carolina--Chapel Hill,Not Placed,0,3.62,1,2,2,3
464,Liam Perez,Male,25,Bachelor's,Computer Science,University of Maryland--College Park,Placed,84000,3.76,2,1,1,5
465,Isabella Martinez,Female,23,Bachelor's,Electronics and Communication,University of Rochester,Placed,57000,3.84,3,3,3,5
466,Alexander Lee,Male,26,Bachelor's,Information Technology,University of California--Santa Cruz,Placed,75000,3.72,2,1,1,1
467,Sophia Johnson,Female,24,Bachelor's,Mechanical Engineering,University of Connecticut,Placed,92000,3.52,1,1,1,3
468,Lucas Taylor,Male,23,Bachelor's,Computer Science,University of California--Riverside,Not Placed,0,3.98,2,1,2,2
469,Emma Martinez,Female,26,Bachelor's,Electronics and Communication,University of Delaware,Placed,42000,3.75,1,2,1,5
470,Aiden Davis,Male,24,Bachelor's,Computer Science,University of California--San Francisco,Placed,96000,3.88,3,1,3,5
471,Mia Wilson,Female,23,Bachelor's,Electrical Engineering,University of Texas--Dallas,Placed,88000,3.67,1,1,2,1
472,Jack Garcia,Male,26,Bachelor's,Information Technology,University of Virginia,Placed,71000,3.97,2,2,3,2
473,Emma Lopez,Female,24,Bachelor's,Mechanical Engineering,University of Michigan--Ann Arbor,Placed,43000,3.98,3,1,1,4
474,Oliver Rodriguez,Male,23,Bachelor's,Computer Science,University of Pennsylvania,Not Placed,0,3.72,2,1,1,3
475,Chloe Hernandez,Female,26,Bachelor's,Electrical Engineering,University of Washington,Placed,50000,3.84,3,1,2,4
476,Ava Lee,Female,24,Bachelor's,Information Technology,University of California--Berkeley,Placed,54000,3.93,3,1,3,3
477,Liam Perez,Male,25,Bachelor's,Computer Science,University of Illinois--Urbana-Champaign,Placed,86000,3.85,3,2,1,2
478,Isabella Martinez,Female,23,Bachelor's,Electronics and Communication,University of Colorado--Boulder,Placed,51000,3.78,2,2,2,4
479,Alexander Lee,Male,26,Bachelor's,Information Technology,University of North Carolina--Chapel Hill,Not Placed,0,3.69,1,1,1,5
480,Sophia Johnson,Female,24,Bachelor's,Mechanical Engineering,University of Maryland--College Park,Placed,51000,3.78,2,3,1,5
481,Lucas Taylor,Male,23,Bachelor's,Computer Science,University of Rochester,Placed,36000,3.89,3,3,3,5
482,Emma Martinez,Female,26,Bachelor's,Electronics and Communication,University of California--Santa Cruz,Placed,44000,3.76,2,1,3,3
483,Aiden Davis,Male,24,Bachelor's,Computer Science,University of Connecticut,Placed,70000,3.57,1,2,3,3
484,Mia Wilson,Female,23,Bachelor's,Electrical Engineering,University of California--Riverside,Not Placed,0,3.95,2,3,2,1
485,Jack Garcia,Male,26,Bachelor's,Information Technology,University of Delaware,Placed,65000,3.75,1,1,3,5
486,Emma Lopez,Female,24,Bachelor's,Mechanical Engineering,University of California--San Francisco,Placed,68000,3.83,3,2,2,1
487,Oliver Rodriguez,Male,23,Bachelor's,Computer Science,University of Texas--Dallas,Placed,76000,3.63,1,1,2,1
488,Chloe Hernandez,Female,26,Bachelor's,Electrical Engineering,University of Virginia,Placed,69000,3.96,2,1,2,4
489,Ava Lee,Female,24,Bachelor's,Information Technology,University of Michigan--Ann Arbor,Placed,68000,3.93,3,1,1,4
490,Liam Perez,Male,25,Bachelor's,Computer Science,University of Pennsylvania,Not Placed,0,3.74,2,3,3,2
491,Isabella Martinez,Female,23,Bachelor's,Electronics and Communication,University of Washington,Placed,87000,3.81,3,3,1,4
492,Alexander Lee,Male,26,Bachelor's,Information Technology,University of California--Berkeley,Placed,75000,3.95,3,3,3,4
493,Sophia Johnson,Female,24,Bachelor's,Mechanical Engineering,University of Illinois--Urbana-Champaign,Placed,50000,3.86,3,1,1,1
494,Lucas Taylor,Male,23,Bachelor's,Computer Science,University of Colorado--Boulder,Placed,68000,3.78,2,3,3,4
495,Emma Martinez,Female,26,Bachelor's,Electronics and Communication,University of North Carolina--Chapel Hill,Not Placed,0,3.68,1,2,1,3
496,Aiden Davis,Male,24,Bachelor's,Computer Science,University of Maryland--College Park,Placed,95000,3.75,2,3,1,2
497,Mia Wilson,Female,23,Bachelor's,Electrical Engineering,University of Rochester,Placed,42000,3.81,3,1,1,5
498,Jack Garcia,Male,26,Bachelor's,Information Technology,University of California--Santa Cruz,Placed,51000,3.77,2,1,3,5
499,Emma Lopez,Female,24,Bachelor's,Mechanical Engineering,University of Connecticut,Placed,57000,3.54,1,3,2,4
500,Oliver Rodriguez,Male,23,Bachelor's,Computer Science,University of California--Riverside,Not Placed,0,3.93,2,1,3,5
501,Chloe Hernandez,Female,26,Bachelor's,Electrical Engineering,University of Delaware,Placed,79000,3.74,1,3,1,4
502,Ava Lee,Female,24,Bachelor's,Information Technology,University of California--San Francisco,Placed,81000,3.85,3,3,3,5
503,Liam Perez,Male,25,Bachelor's,Computer Science,University of Texas--Dallas,Placed,51000,3.66,1,1,2,3
504,Isabella Martinez,Female,23,Bachelor's,Electronics and Communication,University of Virginia,Placed,54000,3.93,2,3,2,4
505,Alexander Lee,Male,26,Bachelor's,Information Technology,University of Michigan--Ann Arbor,Placed,56000,3.95,3,3,3,2
506,Sophia Johnson,Female,24,Bachelor's,Mechanical Engineering,University of Pennsylvania,Not Placed,0,3.77,2,2,1,2
507,Lucas Taylor,Male,23,Bachelor's,Computer Science,University of Washington,Placed,38000,3.84,3,3,1,3
508,Emma Martinez,Female,26,Bachelor's,Electronics and Communication,University of California--Berkeley,Placed,57000,3.96,3,1,2,1
509,Aiden Davis,Male,24,Bachelor's,Computer Science,University of Illinois--Urbana-Champaign,Placed,75000,3.85,3,3,2,5
510,Mia Wilson,Female,23,Bachelor's,Electrical Engineering,University of Colorado--Boulder,Placed,39000,3.78,2,3,2,3
511,Jack Garcia,Male,26,Bachelor's,Information Technology,University of North Carolina--Chapel Hill,Not Placed,0,3.68,1,3,3,4
512,Emma Lopez,Female,24,Bachelor's,Mechanical Engineering,University of Maryland--College Park,Placed,100000,3.78,2,2,2,3
513,Oliver Rodriguez,Male,23,Bachelor's,Computer Science,University of Rochester,Placed,73000,3.86,3,1,3,1
514,Chloe Hernandez,Female,26,Bachelor's,Electrical Engineering,University of California--Santa Cruz,Placed,65000,3.78,2,2,2,2
515,Ava Lee,Female,24,Bachelor's,Information Technology,University of Connecticut,Placed,97000,3.57,1,2,1,5
516,Liam Perez,Male,25,Bachelor's,Computer Science,University of California--Riverside,Not Placed,0,3.97,2,1,3,3
517,Isabella Martinez,Female,23,Bachelor's,Electronics and Communication,University of Delaware,Placed,95000,3.75,1,2,3,4
518,Alexander Lee,Male,26,Bachelor's,Information Technology,University of California--San Francisco,Placed,73000,3.89,3,2,3,4
519,Sophia Johnson,Female,24,Bachelor's,Mechanical Engineering,University of Texas--Dallas,Placed,86000,3.67,1,3,3,2
520,Lucas Taylor,Male,23,Bachelor's,Computer Science,University of Michigan--Ann Arbor,Placed,85000,3.98,2,3,3,1
521,Emma Martinez,Female,26,Bachelor's,Electronics and Communication,University of Virginia,Placed,57000,3.97,3,1,2,3
522,Aiden Davis,Male,24,Bachelor's,Computer Science,University of California--Los Angeles,Placed,65000,3.87,3,2,2,3
523,Mia Wilson,Female,23,Bachelor's,Electrical Engineering,University of California--Berkeley,Placed,46000,3.72,2,1,2,2
524,Jack Garcia,Male,26,Bachelor's,Information Technology,University of Illinois--Urbana-Champaign,Placed,82000,3.86,3,3,2,5
525,Emma Lopez,Female,24,Bachelor's,Mechanical Engineering,University of Colorado--Boulder,Placed,45000,3.77,2,2,2,4
526,Oliver Rodriguez,Male,23,Bachelor's,Computer Science,University of North Carolina--Chapel Hill,Not Placed,0,3.68,1,2,1,5
527,Chloe Hernandez,Female,26,Bachelor's,Electrical Engineering,University of Maryland--College Park,Placed,81000,3.79,2,1,1,4
528,Ava Lee,Female,24,Bachelor's,Information Technology,University of Rochester,Placed,77000,3.83,3,2,1,5
529,Liam Perez,Male,25,Bachelor's,Computer Science,University of California--Santa Cruz,Placed,70000,3.72,2,2,1,4
530,Isabella Martinez,Female,23,Bachelor's,Electronics and Communication,University of Connecticut,Placed,96000,3.59,1,2,3,1
531,Alexander Lee,Male,26,Bachelor's,Information Technology,University of California--Riverside,Not Placed,0,3.96,2,3,2,2
532,Sophia Johnson,Female,24,Bachelor's,Mechanical Engineering,University of Delaware,Placed,97000,3.75,1,3,2,1
533,Lucas Taylor,Male,23,Bachelor's,Computer Science,University of California--San Francisco,Placed,56000,3.83,3,3,1,3
534,Emma Martinez,Female,26,Bachelor's,Electronics and Communication,University of Texas--Dallas,Placed,35000,3.64,1,1,2,2
535,Aiden Davis,Male,24,Bachelor's,Computer Science,University of Virginia,Placed,89000,3.99,2,3,3,2
536,Mia Wilson,Female,23,Bachelor's,Electrical Engineering,University of Michigan--Ann Arbor,Placed,85000,3.98,3,2,3,3
537,Jack Garcia,Male,26,Bachelor's,Information Technology,University of Pennsylvania,Not Placed,0,3.75,2,1,2,3
538,Emma Lopez,Female,24,Bachelor's,Mechanical Engineering,University of Washington,Placed,57000,3.89,3,1,1,2
539,Oliver Rodriguez,Male,23,Bachelor's,Computer Science,University of California--Berkeley,Placed,93000,3.91,3,3,3,2
540,Chloe Hernandez,Female,26,Bachelor's,Electrical Engineering,University of Illinois--Urbana-Champaign,Placed,43000,3.82,3,1,2,3
541,Ava Lee,Female,24,Bachelor's,Information Technology,University of Colorado--Boulder,Placed,58000,3.77,2,3,1,2
542,Liam Perez,Male,25,Bachelor's,Computer Science,University of North Carolina--Chapel Hill,Not Placed,0,3.67,1,3,3,4
543,Isabella Martinez,Female,23,Bachelor's,Electronics and Communication,University of Maryland--College Park,Placed,41000,3.73,2,3,2,1
544,Alexander Lee,Male,26,Bachelor's,Information Technology,University of Rochester,Placed,83000,3.83,3,3,3,5
545,Sophia Johnson,Female,24,Bachelor's,Mechanical Engineering,University of California--Santa Cruz,Placed,47000,3.74,,2,3,5
546,Lucas Taylor,Male,23,Bachelor's,Computer Science,University of California--Riverside,Not Placed,0,3.93,2,2,3,4
547,Emma Martinez,Female,26,Bachelor's,Electronics and Communication,University of Delaware,Placed,61000,3.77,1,2,1,3
548,Aiden Davis,Male,24,Bachelor's,Computer Science,University of California--San Francisco,Placed,65000,3.86,3,1,2,4
549,Mia Wilson,Female,23,Bachelor's,Electrical Engineering,University of Texas--Dallas,Placed,72000,3.65,1,3,3,3
550,Jack Garcia,Male,26,Bachelor's,Information Technology,University of Virginia,Placed,48000,3.94,2,2,2,1
551,Emma Lopez,Female,24,Bachelor's,Mechanical Engineering,University of Michigan--Ann Arbor,Placed,46000,3.92,3,1,2,1
552,Oliver Rodriguez,Male,23,Bachelor's,Computer Science,University of Pennsylvania,Not Placed,0,3.73,2,2,3,4
553,Chloe Hernandez,Female,26,Bachelor's,Electrical Engineering,University of Washington,Placed,60000,3.86,3,1,1,5
554,Ava Lee,Female,24,Bachelor's,Information Technology,University of California--Berkeley,Placed,78000,3.94,3,1,1,1
555,Liam Perez,Male,25,Bachelor's,Computer Science,University of Illinois--Urbana-Champaign,Placed,98000,3.81,3,1,3,5
556,Isabella Martinez,Female,23,Bachelor's,Electronics and Communication,University of Colorado--Boulder,Placed,75000,3.72,2,1,3,3
557,Alexander Lee,Male,26,Bachelor's,Information Technology,University of North Carolina--Chapel Hill,Not Placed,0,3.62,1,1,1,1
558,Sophia Johnson,Female,24,Bachelor's,Mechanical Engineering,University of Maryland--College Park,Placed,47000,3.73,2,3,1,1
559,Lucas Taylor,Male,23,Bachelor's,Computer Science,University of Rochester,Placed,84000,3.84,3,3,3,3
560,Emma Martinez,Female,26,Bachelor's,Electronics and Communication,University of California--Santa Cruz,Placed,98000,3.77,2,1,2,1
561,Aiden Davis,Male,24,Bachelor's,Computer Science,University of Connecticut,Placed,91000,3.53,1,1,2,4
562,Mia Wilson,Female,23,Bachelor's,Electrical Engineering,University of California--Riverside,Not Placed,0,3.97,2,1,1,1
563,Jack Garcia,Male,26,Bachelor's,Information Technology,University of Delaware,Placed,100000,3.73,1,3,1,1
564,Emma Lopez,Female,24,Bachelor's,Mechanical Engineering,University of California--San Francisco,Placed,56000,3.82,3,2,3,2
565,Oliver Rodriguez,Male,23,Bachelor's,Computer Science,University of Texas--Dallas,Placed,73000,3.65,1,2,1,2
566,Chloe Hernandez,Female,26,Bachelor's,Electrical Engineering,University of Virginia,Placed,37000,3.93,2,3,2,5
567,Ava Lee,Female,24,Bachelor's,Information Technology,University of Michigan--Ann Arbor,Placed,85000,3.97,3,2,1,4
568,Liam Perez,Male,25,Bachelor's,Computer Science,University of Pennsylvania,Not Placed,0,3.75,2,3,2,2
569,Isabella Martinez,Female,23,Bachelor's,Electronics and Communication,University of Washington,Placed,90000,3.83,3,1,2,3
570,Alexander Lee,Male,26,Bachelor's,Information Technology,University of California--Berkeley,Placed,38000,3.93,3,2,2,1
571,Sophia Johnson,Female,24,Bachelor's,Mechanical Engineering,University of Illinois--Urbana-Champaign,Placed,46000,3.82,3,2,3,4
572,Lucas Taylor,Male,23,Bachelor's,Computer Science,University of Colorado--Boulder,Placed,68000,3.74,2,2,2,1
573,Emma Martinez,Female,26,Bachelor's,Electronics and Communication,University of North Carolina--Chapel Hill,Not Placed,0,3.66,1,3,3,1
574,Aiden Davis,Male,24,Bachelor's,Computer Science,University of Maryland--College Park,Placed,84000,3.72,2,1,3,1
575,Mia Wilson,Female,23,Bachelor's,Electrical Engineering,University of Rochester,Placed,47000,3.89,3,1,1,2
576,Jack Garcia,Male,26,Bachelor's,Information Technology,University of California--Santa Cruz,Placed,68000,3.74,2,2,3,2
577,Emma Lopez,Female,24,Bachelor's,Mechanical Engineering,University of Connecticut,Placed,38000,3.55,1,1,1,2
578,Oliver Rodriguez,Male,23,Bachelor's,Computer Science,University of California--Riverside,Not Placed,0,3.93,2,1,3,4
579,Chloe Hernandez,Female,26,Bachelor's,Electrical Engineering,University of Delaware,Placed,83000,3.76,1,2,1,2
580,Ava Lee,Female,24,Bachelor's,Information Technology,University of California--San Francisco,Placed,69000,3.85,3,2,3,4
581,Liam Perez,Male,25,Bachelor's,Computer Science,University of Texas--Dallas,Placed,78000,3.68,1,3,1,1
582,Isabella Martinez,Female,23,Bachelor's,Electronics and Communication,University of Virginia,Placed,87000,3.98,2,1,2,5
583,Alexander Lee,Male,26,Bachelor's,Information Technology,University of Michigan--Ann Arbor,Placed,67000,3.96,3,2,3,2
584,Sophia Johnson,Female,24,Bachelor's,Mechanical Engineering,University of Pennsylvania,Not Placed,0,3.75,2,2,1,1
585,Lucas Taylor,Male,23,Bachelor's,Computer Science,University of Washington,Placed,50000,3.85,3,1,2,4
586,Emma Martinez,Female,26,Bachelor's,Electronics and Communication,University of California--Berkeley,Placed,76000,3.96,3,2,2,4
587,Aiden Davis,Male,24,Bachelor's,Computer Science,University of Illinois--Urbana-Champaign,Placed,38000,3.82,3,1,3,1
588,Mia Wilson,Female,23,Bachelor's,Electrical Engineering,University of Colorado--Boulder,Placed,66000,3.74,2,1,3,2
589,Jack Garcia,Male,26,Bachelor's,Information Technology,University of North Carolina--Chapel Hill,Not Placed,0,3.62,1,1,3,3
590,Emma Lopez,Female,24,Bachelor's,Mechanical Engineering,University of Maryland--College Park,Placed,62000,3.75,2,2,1,3
591,Oliver Rodriguez,Male,23,Bachelor's,Computer Science,University of Rochester,Placed,54000,3.88,3,2,1,5
592,Chloe Hernandez,Female,26,Bachelor's,Electrical Engineering,University of California--Santa Cruz,Placed,77000,3.72,2,2,1,1
593,Ava Lee,Female,24,Bachelor's,Information Technology,University of Connecticut,Placed,95000,3.54,1,2,1,3
594,Liam Perez,Male,25,Bachelor's,Computer Science,University of California--Riverside,Not Placed,0,3.98,2,2,3,2
595,Isabella Martinez,Female,23,Bachelor's,Electronics and Communication,University of Delaware,Placed,67000,3.71,1,1,1,5
596,Alexander Lee,Male,26,Bachelor's,Information Technology,University of California--San Francisco,Placed,51000,3.88,3,3,2,3
597,Sophia Johnson,Female,24,Bachelor's,Mechanical Engineering,University of Texas--Dallas,Placed,49000,3.62,1,2,3,2
598,Lucas Taylor,Male,23,Bachelor's,Computer Science,University of Michigan--Ann Arbor,Placed,75000,3.97,2,2,1,1
599,Emma Martinez,Female,26,Bachelor's,Electronics and Communication,University of Virginia,Placed,39000,3.95,3,1,2,2
600,Aiden Davis,Male,24,Bachelor's,Computer Science,University of California--Los Angeles,Placed,37000,3.87,3,3,3,2
601,Mia Wilson,Female,23,Bachelor's,Electrical Engineering,University of California--Berkeley,Placed,87000,3.76,2,1,1,1
602,Jack Garcia,Male,26,Bachelor's,Information Technology,University of Illinois--Urbana-Champaign,Placed,70000,3.85,3,3,3,3
603,Emma Lopez,Female,24,Bachelor's,Mechanical Engineering,University of Colorado--Boulder,Placed,63000,3.75,2,3,1,4
604,Oliver Rodriguez,Male,23,Bachelor's,Computer Science,University of North Carolina--Chapel Hill,Not Placed,0,3.64,1,3,2,1
605,Chloe Hernandez,Female,26,Bachelor's,Electrical Engineering,University of Maryland--College Park,Placed,65000,3.77,2,2,1,4
606,Ava Lee,Female,24,Bachelor's,Information Technology,University of Rochester,Placed,82000,3.83,3,1,3,5
607,Liam Perez,Male,25,Bachelor's,Computer Science,University of California--Santa Cruz,Placed,52000,3.76,2,3,1,1
608,Isabella Martinez,Female,23,Bachelor's,Electronics and Communication,University of Connecticut,Placed,41000,3.52,1,3,2,2
609,Alexander Lee,Male,26,Bachelor's,Information Technology,University of California--Riverside,Not Placed,0,3.98,2,1,2,4
610,Sophia Johnson,Female,24,Bachelor's,Mechanical Engineering,University of Delaware,Placed,56000,3.75,1,2,3,4
611,Lucas Taylor,Male,23,Bachelor's,Computer Science,University of California--San Francisco,Placed,64000,3.82,3,1,3,2
612,Emma Martinez,Female,26,Bachelor's,Electronics and Communication,University of Texas--Dallas,Placed,50000,3.68,1,3,3,4
613,Aiden Davis,Male,24,Bachelor's,Computer Science,University of Virginia,Placed,48000,3.93,2,2,2,4
614,Mia Wilson,Female,23,Bachelor's,Electrical Engineering,University of Michigan--Ann Arbor,Placed,57000,3.99,3,3,2,4
615,Jack Garcia,Male,26,Bachelor's,Information Technology,University of Pennsylvania,Not Placed,0,3.78,2,3,1,4
616,Emma Lopez,Female,24,Bachelor's,Mechanical Engineering,University of Washington,Placed,77000,3.84,3,1,1,4
617,Oliver Rodriguez,Male,23,Bachelor's,Computer Science,University of California--Berkeley,Placed,68000,3.92,3,3,1,3
618,Chloe Hernandez,Female,26,Bachelor's,Electrical Engineering,University of Illinois--Urbana-Champaign,Placed,77000,3.84,3,1,2,5
619,Emma Martinez,Female,26,Bachelor's,Electronics and Communication,University of Colorado--Boulder,Placed,64000,3.76,2,1,3,5
620,Aiden Davis,Male,24,Bachelor's,Computer Science,University of North Carolina--Chapel Hill,Not Placed,0,3.62,1,1,1,3
621,Mia Wilson,Female,23,Bachelor's,Electrical Engineering,University of Maryland--College Park,Placed,53000,3.75,2,3,1,1
622,Jack Garcia,Male,26,Bachelor's,Information Technology,University of Rochester,Placed,88000,3.84,3,2,3,3
623,Emma Lopez,Female,24,Bachelor's,Mechanical Engineering,University of California--Santa Cruz,Placed,56000,3.72,2,2,3,2
624,Oliver Rodriguez,Male,23,Bachelor's,Computer Science,University of Connecticut,Placed,59000,3.51,1,1,1,1
625,Chloe Hernandez,Female,26,Bachelor's,Electrical Engineering,University of California--Riverside,Not Placed,0,3.97,2,2,1,2
626,Ava Lee,Female,24,Bachelor's,Information Technology,University of Delaware,Placed,55000,3.79,1,3,2,4
627,Liam Perez,Male,25,Bachelor's,Computer Science,University of California--San Francisco,Placed,45000,3.89,3,3,1,4
628,Isabella Martinez,Female,23,Bachelor's,Electronics and Communication,University of Texas--Dallas,Placed,91000,3.66,1,1,1,4
629,Alexander Lee,Male,26,Bachelor's,Information Technology,University of Virginia,Placed,72000,3.97,2,1,3,4
630,Sophia Johnson,Female,24,Bachelor's,Mechanical Engineering,University of Michigan--Ann Arbor,Placed,77000,3.97,3,3,2,5
631,Lucas Taylor,Male,23,Bachelor's,Computer Science,University of Pennsylvania,Not Placed,0,3.74,2,1,2,3
632,Emma Martinez,Female,26,Bachelor's,Electronics and Communication,University of Washington,Placed,48000,3.86,3,2,3,4
633,Aiden Davis,Male,24,Bachelor's,Computer Science,University of California--Berkeley,Placed,52000,3.98,3,2,2,2
634,Mia Wilson,Female,23,Bachelor's,Electrical Engineering,University of Illinois--Urbana-Champaign,Placed,63000,3.82,3,3,3,4
635,Jack Garcia,Male,26,Bachelor's,Information Technology,University of Colorado--Boulder,Placed,56000,3.78,2,3,1,4
636,Emma Lopez,Female,24,Bachelor's,Mechanical Engineering,University of North Carolina--Chapel Hill,Not Placed,0,3.65,1,1,1,2
637,Oliver Rodriguez,Male,23,Bachelor's,Computer Science,University of Maryland--College Park,Placed,75000,3.74,2,2,3,2
638,Chloe Hernandez,Female,26,Bachelor's,Electrical Engineering,University of Rochester,Placed,100000,3.85,3,3,2,3
639,Ava Lee,Female,24,Bachelor's,Information Technology,University of California--Santa Cruz,Placed,50000,3.71,2,2,2,3
640,Liam Perez,Male,25,Bachelor's,Computer Science,University of Connecticut,Placed,95000,3.56,1,1,1,1
641,Isabella Martinez,Female,23,Bachelor's,Electronics and Communication,University of California--Riverside,Not Placed,0,3.94,2,3,2,1
642,Alexander Lee,Male,26,Bachelor's,Information Technology,University of Delaware,Placed,88000,3.74,1,1,3,1
643,Sophia Johnson,Female,24,Bachelor's,Mechanical Engineering,University of California--San Francisco,Placed,88000,3.83,3,2,2,1
644,Lucas Taylor,Male,23,Bachelor's,Computer Science,University of Texas--Dallas,Placed,87000,3.69,1,2,3,5
645,Emma Martinez,Female,26,Bachelor's,Electronics and Communication,University of Virginia,Placed,90000,3.97,2,1,1,3
646,Aiden Davis,Male,24,Bachelor's,Computer Science,University of Michigan--Ann Arbor,Placed,38000,3.93,3,2,2,2
647,Mia Wilson,Female,23,Bachelor's,Electrical Engineering,University of Pennsylvania,Not Placed,0,3.73,2,1,3,5
648,Jack Garcia,Male,26,Bachelor's,Information Technology,University of Washington,Placed,69000,3.87,3,3,1,1
649,Emma Lopez,Female,24,Bachelor's,Mechanical Engineering,University of California--Berkeley,Placed,65000,3.94,3,2,3,5
650,Oliver Rodriguez,Male,23,Bachelor's,Computer Science,University of Illinois--Urbana-Champaign,Placed,80000,3.89,3,2,1,5
651,Chloe Hernandez,Female,26,Bachelor's,Electrical Engineering,University of Colorado--Boulder,Placed,70000,3.78,2,1,3,3
652,Ava Lee,Female,24,Bachelor's,Information Technology,University of North Carolina--Chapel Hill,Not Placed,0,3.65,1,1,1,4
653,Liam Perez,Male,25,Bachelor's,Computer Science,University of Maryland--College Park,Placed,72000,3.72,2,1,1,5
654,Isabella Martinez,Female,23,Bachelor's,Electronics and Communication,University of Rochester,Placed,35000,,3,3,1,4
655,Alexander Lee,Male,26,Bachelor's,Information Technology,University of California--Santa Cruz,Placed,35000,3.78,2,1,1,2
656,Sophia Johnson,Female,24,Bachelor's,Mechanical Engineering,University of Connecticut,Placed,65000,3.53,1,2,1,3
657,Lucas Taylor,Male,23,Bachelor's,Computer Science,University of California--Riverside,Not Placed,0,3.91,2,3,1,3
658,Emma Martinez,Female,26,Bachelor's,Electronics and Communication,University of Delaware,Placed,62000,3.77,1,1,2,4
659,Aiden Davis,Male,24,Bachelor's,Computer Science,University of California--San Francisco,Placed,72000,3.86,3,1,3,4
660,Mia Wilson,Female,23,Bachelor's,Electrical Engineering,University of Texas--Dallas,Placed,37000,3.67,1,3,3,3
661,Jack Garcia,Male,26,Bachelor's,Information Technology,University of Virginia,Placed,69000,3.94,2,2,2,3
662,Emma Lopez,Female,24,Bachelor's,Mechanical Engineering,University of Michigan--Ann Arbor,Placed,81000,3.91,3,3,1,1
663,Oliver Rodriguez,Male,23,Bachelor's,Computer Science,University of Pennsylvania,Not Placed,0,3.76,2,3,3,5
664,Chloe Hernandez,Female,26,Bachelor's,Electrical Engineering,University of Washington,Placed,85000,3.81,3,3,1,5
665,Ava Lee,Female,24,Bachelor's,Information Technology,University of California--Berkeley,Placed,36000,3.94,3,2,3,5
666,Liam Perez,Male,25,Bachelor's,Computer Science,University of Illinois--Urbana-Champaign,Placed,37000,3.83,3,2,1,5
667,Isabella Martinez,Female,23,Bachelor's,Electronics and Communication,University of Colorado--Boulder,Placed,61000,3.77,2,1,1,2
668,Alexander Lee,Male,26,Bachelor's,Information Technology,University of North Carolina--Chapel Hill,Not Placed,0,3.62,1,3,3,3
669,Sophia Johnson,Female,24,Bachelor's,Mechanical Engineering,University of Maryland--College Park,Placed,35000,3.76,2,3,3,1
670,Lucas Taylor,Male,23,Bachelor's,Computer Science,University of Rochester,Placed,60000,3.87,3,2,1,5
671,Emma Martinez,Female,26,Bachelor's,Electronics and Communication,University of California--Santa Cruz,Placed,61000,3.78,2,1,3,2
672,Aiden Davis,Male,24,Bachelor's,Computer Science,University of Connecticut,Placed,40000,3.57,1,1,3,3
673,Mia Wilson,Female,23,Bachelor's,Electrical Engineering,University of California--Riverside,Not Placed,0,3.96,2,3,2,3
674,Jack Garcia,Male,26,Bachelor's,Information Technology,University of Delaware,Placed,46000,3.76,1,3,3,4
675,Emma Lopez,Female,24,Bachelor's,Mechanical Engineering,University of California--San Francisco,Placed,52000,3.83,3,1,3,5
676,Oliver Rodriguez,Male,23,Bachelor's,Computer Science,University of Texas--Dallas,Placed,50000,3.68,1,1,3,5
677,Chloe Hernandez,Female,26,Bachelor's,Electrical Engineering,University of Virginia,Placed,95000,3.99,2,3,1,3
678,Ava Lee,Female,24,Bachelor's,Information Technology,University of Michigan--Ann Arbor,Placed,45000,3.91,3,3,3,2
679,Liam Perez,Male,25,Bachelor's,Computer Science,University of Pennsylvania,Not Placed,0,3.74,2,3,1,4
680,Isabella Martinez,Female,23,Bachelor's,Electronics and Communication,University of Washington,Placed,52000,3.83,3,1,2,3
681,Alexander Lee,Male,26,Bachelor's,Information Technology,University of California--Berkeley,Placed,78000,3.92,3,1,1,4
682,Sophia Johnson,Female,24,Bachelor's,Mechanical Engineering,University of Illinois--Urbana-Champaign,Placed,62000,3.88,3,3,2,1
683,Lucas Taylor,Male,23,Bachelor's,Computer Science,University of Colorado--Boulder,Placed,82000,3.78,2,1,2,3
684,Emma Martinez,Female,26,Bachelor's,Electronics and Communication,University of North Carolina--Chapel Hill,Not Placed,0,3.61,1,1,3,3
685,Aiden Davis,Male,24,Bachelor's,Computer Science,University of Maryland--College Park,Placed,64000,3.73,2,2,3,1
686,Mia Wilson,Female,23,Bachelor's,Electrical Engineering,University of Rochester,Placed,75000,3.85,3,1,1,5
687,Jack Garcia,Male,26,Bachelor's,Information Technology,University of California--Santa Cruz,Placed,49000,3.79,2,2,1,2
688,Emma Lopez,Female,24,Bachelor's,Mechanical Engineering,University of Connecticut,Placed,72000,3.57,1,3,2,3
689,Oliver Rodriguez,Male,23,Bachelor's,Computer Science,University of California--Riverside,Not Placed,0,3.98,2,2,2,3
690,Chloe Hernandez,Female,26,Bachelor's,Electrical Engineering,University of Delaware,Placed,91000,3.74,1,3,2,4
691,Ava Lee,Female,24,Bachelor's,Information Technology,University of California--San Francisco,Placed,39000,3.85,3,1,2,1
692,Liam Perez,Male,25,Bachelor's,Computer Science,University of Texas--Dallas,Placed,68000,3.68,1,2,2,2
693,Isabella Martinez,Female,23,Bachelor's,Electronics and Communication,University of Virginia,Placed,54000,3.92,2,1,2,5
694,Alexander Lee,Male,26,Bachelor's,Information Technology,University of Michigan--Ann Arbor,Placed,52000,3.94,3,2,3,5
695,Sophia Johnson,Female,24,Bachelor's,Mechanical Engineering,University of Pennsylvania,Not Placed,0,3.78,2,1,3,3
696,Lucas Taylor,Male,23,Bachelor's,Computer Science,University of Washington,Placed,51000,3.87,3,2,1,4
697,Emma Martinez,Female,26,Bachelor's,Electronics and Communication,University of California--Berkeley,Placed,48000,3.94,3,3,1,4
698,Aiden Davis,Male,24,Bachelor's,Computer Science,University of Illinois--Urbana-Champaign,Placed,98000,3.87,3,3,1,5
699,Mia Wilson,Female,23,Bachelor's,Electrical Engineering,University of Colorado--Boulder,Placed,44000,3.74,2,1,1,4
700,Jack Garcia,Male,26,Bachelor's,Information Technology,University of North Carolina--Chapel Hill,Not Placed,0,3.68,1,3,2,4
